name,sequence,pred_controlPSI
GNMT_1,MVDSVYRTRSLGVAAEGLPDQYADGEAA,5.0598865
GNMT_2,VDSVYRTRSLGVAAEGLPDQYADGEAAR,5.1239195
GNMT_3,DSVYRTRSLGVAAEGLPDQYADGEAARV,5.2172556
GNMT_4,SVYRTRSLGVAAEGLPDQYADGEAARVW,4.600073
GNMT_5,VYRTRSLGVAAEGLPDQYADGEAARVWQ,4.666917
GNMT_6,YRTRSLGVAAEGLPDQYADGEAARVWQL,4.461275
GNMT_7,RTRSLGVAAEGLPDQYADGEAARVWQLY,4.310556
GNMT_8,TRSLGVAAEGLPDQYADGEAARVWQLYI,3.4960303
GNMT_9,RSLGVAAEGLPDQYADGEAARVWQLYIG,3.9764318
GNMT_10,SLGVAAEGLPDQYADGEAARVWQLYIGD,3.7341561
GNMT_11,LGVAAEGLPDQYADGEAARVWQLYIGDT,4.1798
GNMT_12,GVAAEGLPDQYADGEAARVWQLYIGDTR,3.950159
GNMT_13,VAAEGLPDQYADGEAARVWQLYIGDTRS,4.034274
GNMT_14,AAEGLPDQYADGEAARVWQLYIGDTRSR,3.8670127
GNMT_15,AEGLPDQYADGEAARVWQLYIGDTRSRT,3.9383416
GNMT_16,EGLPDQYADGEAARVWQLYIGDTRSRTA,4.0398436
GNMT_17,GLPDQYADGEAARVWQLYIGDTRSRTAE,3.9594197
GNMT_18,LPDQYADGEAARVWQLYIGDTRSRTAEY,3.8385775
GNMT_19,PDQYADGEAARVWQLYIGDTRSRTAEYK,4.063937
GNMT_20,DQYADGEAARVWQLYIGDTRSRTAEYKA,3.9277568
GNMT_21,QYADGEAARVWQLYIGDTRSRTAEYKAW,3.6139488
GNMT_22,YADGEAARVWQLYIGDTRSRTAEYKAWL,2.8571606
GNMT_23,ADGEAARVWQLYIGDTRSRTAEYKAWLL,3.0438313
GNMT_24,DGEAARVWQLYIGDTRSRTAEYKAWLLG,3.1490612
GNMT_25,GEAARVWQLYIGDTRSRTAEYKAWLLGL,2.4160924
GNMT_26,EAARVWQLYIGDTRSRTAEYKAWLLGLL,2.295301
GNMT_27,AARVWQLYIGDTRSRTAEYKAWLLGLLR,2.3556433
GNMT_28,ARVWQLYIGDTRSRTAEYKAWLLGLLRQ,2.4627073
GNMT_29,RVWQLYIGDTRSRTAEYKAWLLGLLRQH,2.10107
GNMT_30,VWQLYIGDTRSRTAEYKAWLLGLLRQHG,2.1907163
GNMT_31,WQLYIGDTRSRTAEYKAWLLGLLRQHGC,2.396104
GNMT_32,QLYIGDTRSRTAEYKAWLLGLLRQHGCQ,2.5535376
GNMT_33,LYIGDTRSRTAEYKAWLLGLLRQHGCQR,2.5469193
GNMT_34,YIGDTRSRTAEYKAWLLGLLRQHGCQRV,2.5006196
GNMT_35,IGDTRSRTAEYKAWLLGLLRQHGCQRVL,2.195971
GNMT_36,GDTRSRTAEYKAWLLGLLRQHGCQRVLD,3.0184736
GNMT_37,DTRSRTAEYKAWLLGLLRQHGCQRVLDV,2.5660005
GNMT_38,TRSRTAEYKAWLLGLLRQHGCQRVLDVA,2.4586012
GNMT_39,RSRTAEYKAWLLGLLRQHGCQRVLDVAC,2.330709
GNMT_40,SRTAEYKAWLLGLLRQHGCQRVLDVACG,2.2997406
GNMT_41,RTAEYKAWLLGLLRQHGCQRVLDVACGT,2.3834858
GNMT_42,TAEYKAWLLGLLRQHGCQRVLDVACGTG,2.5304236
GNMT_43,AEYKAWLLGLLRQHGCQRVLDVACGTGV,2.5284898
GNMT_44,EYKAWLLGLLRQHGCQRVLDVACGTGVD,2.4328933
GNMT_45,YKAWLLGLLRQHGCQRVLDVACGTGVDS,2.323466
GNMT_46,KAWLLGLLRQHGCQRVLDVACGTGVDSI,2.4988618
GNMT_47,AWLLGLLRQHGCQRVLDVACGTGVDSIM,2.417597
GNMT_48,WLLGLLRQHGCQRVLDVACGTGVDSIML,2.38975
GNMT_49,LLGLLRQHGCQRVLDVACGTGVDSIMLV,3.043107
GNMT_50,LGLLRQHGCQRVLDVACGTGVDSIMLVE,3.442955
GNMT_51,GLLRQHGCQRVLDVACGTGVDSIMLVEE,4.1280107
GNMT_52,LLRQHGCQRVLDVACGTGVDSIMLVEEG,4.433159
GNMT_53,LRQHGCQRVLDVACGTGVDSIMLVEEGF,3.7971609
GNMT_54,RQHGCQRVLDVACGTGVDSIMLVEEGFS,4.2116613
GNMT_55,QHGCQRVLDVACGTGVDSIMLVEEGFSV,3.676519
GNMT_56,HGCQRVLDVACGTGVDSIMLVEEGFSVT,3.8823218
GNMT_57,GCQRVLDVACGTGVDSIMLVEEGFSVTS,4.228691
GNMT_58,CQRVLDVACGTGVDSIMLVEEGFSVTSV,3.6573143
GNMT_59,QRVLDVACGTGVDSIMLVEEGFSVTSVD,4.696954
GNMT_60,RVLDVACGTGVDSIMLVEEGFSVTSVDA,3.8815033
GNMT_61,VLDVACGTGVDSIMLVEEGFSVTSVDAS,4.269612
GNMT_62,LDVACGTGVDSIMLVEEGFSVTSVDASD,4.7898726
GNMT_63,DVACGTGVDSIMLVEEGFSVTSVDASDK,5.0297785
GNMT_64,VACGTGVDSIMLVEEGFSVTSVDASDKM,4.37318
GNMT_65,ACGTGVDSIMLVEEGFSVTSVDASDKML,4.473222
GNMT_66,CGTGVDSIMLVEEGFSVTSVDASDKMLK,4.547689
GNMT_67,GTGVDSIMLVEEGFSVTSVDASDKMLKY,4.595196
GNMT_68,TGVDSIMLVEEGFSVTSVDASDKMLKYA,4.68139
GNMT_69,GVDSIMLVEEGFSVTSVDASDKMLKYAL,3.7520404
GNMT_70,VDSIMLVEEGFSVTSVDASDKMLKYALK,3.8054328
GNMT_71,DSIMLVEEGFSVTSVDASDKMLKYALKE,3.979986
GNMT_72,SIMLVEEGFSVTSVDASDKMLKYALKER,3.7064004
GNMT_73,IMLVEEGFSVTSVDASDKMLKYALKERW,3.2028718
GNMT_74,MLVEEGFSVTSVDASDKMLKYALKERWN,3.775933
GNMT_75,LVEEGFSVTSVDASDKMLKYALKERWNR,3.8267705
GNMT_76,VEEGFSVTSVDASDKMLKYALKERWNRR,4.234986
GNMT_77,EEGFSVTSVDASDKMLKYALKERWNRRH,4.1212964
GNMT_78,EGFSVTSVDASDKMLKYALKERWNRRHE,3.7915466
GNMT_79,GFSVTSVDASDKMLKYALKERWNRRHEP,3.978274
GNMT_80,FSVTSVDASDKMLKYALKERWNRRHEPA,3.936154
GNMT_81,SVTSVDASDKMLKYALKERWNRRHEPAF,4.309046
GNMT_82,VTSVDASDKMLKYALKERWNRRHEPAFD,4.2967978
GNMT_83,TSVDASDKMLKYALKERWNRRHEPAFDK,4.222394
GNMT_84,SVDASDKMLKYALKERWNRRHEPAFDKW,3.784747
GNMT_85,VDASDKMLKYALKERWNRRHEPAFDKWV,3.8218894
GNMT_86,DASDKMLKYALKERWNRRHEPAFDKWVI,3.4172504
GNMT_87,ASDKMLKYALKERWNRRHEPAFDKWVIE,3.2252645
GNMT_88,SDKMLKYALKERWNRRHEPAFDKWVIEE,3.2427063
GNMT_89,DKMLKYALKERWNRRHEPAFDKWVIEEA,3.6774259
GNMT_90,KMLKYALKERWNRRHEPAFDKWVIEEAN,3.598731
GNMT_91,MLKYALKERWNRRHEPAFDKWVIEEANW,2.9833226
GNMT_92,LKYALKERWNRRHEPAFDKWVIEEANWM,2.739473
GNMT_93,KYALKERWNRRHEPAFDKWVIEEANWMT,3.1336832
GNMT_94,YALKERWNRRHEPAFDKWVIEEANWMTL,3.4215002
GNMT_95,ALKERWNRRHEPAFDKWVIEEANWMTLD,3.992083
GNMT_96,LKERWNRRHEPAFDKWVIEEANWMTLDK,3.8573644
GNMT_97,KERWNRRHEPAFDKWVIEEANWMTLDKD,4.517038
GNMT_98,ERWNRRHEPAFDKWVIEEANWMTLDKDV,4.055656
GNMT_99,RWNRRHEPAFDKWVIEEANWMTLDKDVP,3.690047
GNMT_100,WNRRHEPAFDKWVIEEANWMTLDKDVPQ,3.9127955
GNMT_101,NRRHEPAFDKWVIEEANWMTLDKDVPQS,4.603324
GNMT_102,RRHEPAFDKWVIEEANWMTLDKDVPQSA,4.2242765
GNMT_103,RHEPAFDKWVIEEANWMTLDKDVPQSAE,4.7294645
GNMT_104,HEPAFDKWVIEEANWMTLDKDVPQSAEG,4.6631503
GNMT_105,EPAFDKWVIEEANWMTLDKDVPQSAEGG,4.9213963
GNMT_106,PAFDKWVIEEANWMTLDKDVPQSAEGGF,4.319007
GNMT_107,AFDKWVIEEANWMTLDKDVPQSAEGGFD,4.4101467
GNMT_108,FDKWVIEEANWMTLDKDVPQSAEGGFDA,4.2024727
GNMT_109,DKWVIEEANWMTLDKDVPQSAEGGFDAV,4.855753
GNMT_110,KWVIEEANWMTLDKDVPQSAEGGFDAVI,4.100024
GNMT_111,WVIEEANWMTLDKDVPQSAEGGFDAVIC,3.7214322
GNMT_112,VIEEANWMTLDKDVPQSAEGGFDAVICL,4.575716
GNMT_113,IEEANWMTLDKDVPQSAEGGFDAVICLG,4.4828815
GNMT_114,EEANWMTLDKDVPQSAEGGFDAVICLGN,5.1298757
GNMT_115,EANWMTLDKDVPQSAEGGFDAVICLGNS,4.8120766
GNMT_116,ANWMTLDKDVPQSAEGGFDAVICLGNSF,4.2883053
GNMT_117,NWMTLDKDVPQSAEGGFDAVICLGNSFA,3.327786
GNMT_118,WMTLDKDVPQSAEGGFDAVICLGNSFAH,3.8889823
GNMT_119,MTLDKDVPQSAEGGFDAVICLGNSFAHL,3.8983202
GNMT_120,TLDKDVPQSAEGGFDAVICLGNSFAHLP,4.44324
GNMT_121,LDKDVPQSAEGGFDAVICLGNSFAHLPD,4.1557035
GNMT_122,DKDVPQSAEGGFDAVICLGNSFAHLPDC,4.4587264
GNMT_123,KDVPQSAEGGFDAVICLGNSFAHLPDCK,4.4597034
GNMT_124,DVPQSAEGGFDAVICLGNSFAHLPDCKG,4.238973
GNMT_125,VPQSAEGGFDAVICLGNSFAHLPDCKGD,4.380329
GNMT_126,PQSAEGGFDAVICLGNSFAHLPDCKGDQ,4.0859475
GNMT_127,QSAEGGFDAVICLGNSFAHLPDCKGDQS,4.3518567
GNMT_128,SAEGGFDAVICLGNSFAHLPDCKGDQSE,4.839674
GNMT_129,AEGGFDAVICLGNSFAHLPDCKGDQSEH,4.854981
GNMT_130,EGGFDAVICLGNSFAHLPDCKGDQSEHR,4.3400764
GNMT_131,GGFDAVICLGNSFAHLPDCKGDQSEHRL,3.9790668
GNMT_132,GFDAVICLGNSFAHLPDCKGDQSEHRLA,3.7445338
GNMT_133,FDAVICLGNSFAHLPDCKGDQSEHRLAL,3.907527
GNMT_134,DAVICLGNSFAHLPDCKGDQSEHRLALK,4.38212
GNMT_135,AVICLGNSFAHLPDCKGDQSEHRLALKN,3.3074841
GNMT_136,VICLGNSFAHLPDCKGDQSEHRLALKNI,3.5926294
GNMT_137,ICLGNSFAHLPDCKGDQSEHRLALKNIA,4.3321595
GNMT_138,CLGNSFAHLPDCKGDQSEHRLALKNIAS,4.5399046
GNMT_139,LGNSFAHLPDCKGDQSEHRLALKNIASM,4.4808187
GNMT_140,GNSFAHLPDCKGDQSEHRLALKNIASMV,4.4355597
GNMT_141,NSFAHLPDCKGDQSEHRLALKNIASMVR,3.961704
GNMT_142,SFAHLPDCKGDQSEHRLALKNIASMVRA,4.5376525
GNMT_143,FAHLPDCKGDQSEHRLALKNIASMVRAG,4.1250167
GNMT_144,AHLPDCKGDQSEHRLALKNIASMVRAGG,4.7471337
GNMT_145,HLPDCKGDQSEHRLALKNIASMVRAGGL,4.3681164
GNMT_146,LPDCKGDQSEHRLALKNIASMVRAGGLL,4.6694818
GNMT_147,PDCKGDQSEHRLALKNIASMVRAGGLLV,4.364442
GNMT_148,DCKGDQSEHRLALKNIASMVRAGGLLVI,3.7689912
GNMT_149,CKGDQSEHRLALKNIASMVRAGGLLVID,3.6514843
GNMT_150,KGDQSEHRLALKNIASMVRAGGLLVIDH,3.9696865
GNMT_151,GDQSEHRLALKNIASMVRAGGLLVIDHR,3.6424928
GNMT_152,DQSEHRLALKNIASMVRAGGLLVIDHRN,3.7833965
GNMT_153,QSEHRLALKNIASMVRAGGLLVIDHRNY,3.6777468
GNMT_154,SEHRLALKNIASMVRAGGLLVIDHRNYD,3.4722521
GNMT_155,EHRLALKNIASMVRAGGLLVIDHRNYDH,3.2228699
GNMT_156,HRLALKNIASMVRAGGLLVIDHRNYDHI,3.1536627
GNMT_157,RLALKNIASMVRAGGLLVIDHRNYDHIL,2.7233253
GNMT_158,LALKNIASMVRAGGLLVIDHRNYDHILS,2.9183526
GNMT_159,ALKNIASMVRAGGLLVIDHRNYDHILST,3.035644
GNMT_160,LKNIASMVRAGGLLVIDHRNYDHILSTG,2.9247398
GNMT_161,KNIASMVRAGGLLVIDHRNYDHILSTGC,3.5071473
GNMT_162,NIASMVRAGGLLVIDHRNYDHILSTGCA,2.8258247
GNMT_163,IASMVRAGGLLVIDHRNYDHILSTGCAP,3.009544
GNMT_164,ASMVRAGGLLVIDHRNYDHILSTGCAPP,3.3690052
GNMT_165,SMVRAGGLLVIDHRNYDHILSTGCAPPG,3.4246547
GNMT_166,MVRAGGLLVIDHRNYDHILSTGCAPPGK,3.5802288
GNMT_167,VRAGGLLVIDHRNYDHILSTGCAPPGKN,3.5699778
GNMT_168,RAGGLLVIDHRNYDHILSTGCAPPGKNI,3.838519
GNMT_169,AGGLLVIDHRNYDHILSTGCAPPGKNIY,3.6035736
GNMT_170,GGLLVIDHRNYDHILSTGCAPPGKNIYY,2.8009708
GNMT_171,GLLVIDHRNYDHILSTGCAPPGKNIYYK,2.9907463
GNMT_172,LLVIDHRNYDHILSTGCAPPGKNIYYKS,3.0680842
GNMT_173,LVIDHRNYDHILSTGCAPPGKNIYYKSD,3.9491968
GNMT_174,VIDHRNYDHILSTGCAPPGKNIYYKSDL,4.026666
GNMT_175,IDHRNYDHILSTGCAPPGKNIYYKSDLT,4.2141047
GNMT_176,DHRNYDHILSTGCAPPGKNIYYKSDLTK,4.371925
GNMT_177,HRNYDHILSTGCAPPGKNIYYKSDLTKD,4.271843
GNMT_178,RNYDHILSTGCAPPGKNIYYKSDLTKDV,4.3339987
GNMT_179,NYDHILSTGCAPPGKNIYYKSDLTKDVT,4.2305717
GNMT_180,YDHILSTGCAPPGKNIYYKSDLTKDVTT,4.340144
GNMT_181,DHILSTGCAPPGKNIYYKSDLTKDVTTS,4.568327
GNMT_182,HILSTGCAPPGKNIYYKSDLTKDVTTSV,4.078456
GNMT_183,ILSTGCAPPGKNIYYKSDLTKDVTTSVL,4.2292414
GNMT_184,LSTGCAPPGKNIYYKSDLTKDVTTSVLI,4.107742
GNMT_185,STGCAPPGKNIYYKSDLTKDVTTSVLIV,4.0047855
GNMT_186,TGCAPPGKNIYYKSDLTKDVTTSVLIVN,3.5777028
GNMT_187,GCAPPGKNIYYKSDLTKDVTTSVLIVNN,3.5887384
GNMT_188,CAPPGKNIYYKSDLTKDVTTSVLIVNNK,3.9535372
GNMT_189,APPGKNIYYKSDLTKDVTTSVLIVNNKA,4.462108
GNMT_190,PPGKNIYYKSDLTKDVTTSVLIVNNKAH,4.0724597
GNMT_191,PGKNIYYKSDLTKDVTTSVLIVNNKAHM,3.2055979
GNMT_192,GKNIYYKSDLTKDVTTSVLIVNNKAHMV,3.6582189
GNMT_193,KNIYYKSDLTKDVTTSVLIVNNKAHMVT,3.6771169
GNMT_194,NIYYKSDLTKDVTTSVLIVNNKAHMVTL,2.9683108
GNMT_195,IYYKSDLTKDVTTSVLIVNNKAHMVTLD,3.0979824
GNMT_196,YYKSDLTKDVTTSVLIVNNKAHMVTLDY,2.9046693
GNMT_197,YKSDLTKDVTTSVLIVNNKAHMVTLDYT,3.3758485
GNMT_198,KSDLTKDVTTSVLIVNNKAHMVTLDYTV,3.8321326
GNMT_199,SDLTKDVTTSVLIVNNKAHMVTLDYTVQ,3.4018743
GNMT_200,DLTKDVTTSVLIVNNKAHMVTLDYTVQV,3.369863
GNMT_201,LTKDVTTSVLIVNNKAHMVTLDYTVQVP,3.148085
GNMT_202,TKDVTTSVLIVNNKAHMVTLDYTVQVPG,3.3121827
GNMT_203,KDVTTSVLIVNNKAHMVTLDYTVQVPGA,3.0549674
GNMT_204,DVTTSVLIVNNKAHMVTLDYTVQVPGAG,3.062224
GNMT_205,VTTSVLIVNNKAHMVTLDYTVQVPGAGQ,2.6251867
GNMT_206,TTSVLIVNNKAHMVTLDYTVQVPGAGQD,3.548015
GNMT_207,TSVLIVNNKAHMVTLDYTVQVPGAGQDG,3.6150224
GNMT_208,SVLIVNNKAHMVTLDYTVQVPGAGQDGS,3.2421563
GNMT_209,VLIVNNKAHMVTLDYTVQVPGAGQDGSP,3.2296472
GNMT_210,LIVNNKAHMVTLDYTVQVPGAGQDGSPG,4.243915
GNMT_211,IVNNKAHMVTLDYTVQVPGAGQDGSPGL,4.570563
GNMT_212,VNNKAHMVTLDYTVQVPGAGQDGSPGLS,4.8687496
GNMT_213,NNKAHMVTLDYTVQVPGAGQDGSPGLSK,4.7214465
GNMT_214,NKAHMVTLDYTVQVPGAGQDGSPGLSKF,4.494498
GNMT_215,KAHMVTLDYTVQVPGAGQDGSPGLSKFR,4.270009
GNMT_216,AHMVTLDYTVQVPGAGQDGSPGLSKFRL,3.9630857
GNMT_217,HMVTLDYTVQVPGAGQDGSPGLSKFRLS,3.7944717
GNMT_218,MVTLDYTVQVPGAGQDGSPGLSKFRLSY,3.2181563
GNMT_219,VTLDYTVQVPGAGQDGSPGLSKFRLSYY,3.2589512
GNMT_220,TLDYTVQVPGAGQDGSPGLSKFRLSYYP,3.9052303
GNMT_221,LDYTVQVPGAGQDGSPGLSKFRLSYYPH,3.9647794
GNMT_222,DYTVQVPGAGQDGSPGLSKFRLSYYPHC,3.6599689
GNMT_223,YTVQVPGAGQDGSPGLSKFRLSYYPHCL,3.2429616
GNMT_224,TVQVPGAGQDGSPGLSKFRLSYYPHCLA,3.6418166
GNMT_225,VQVPGAGQDGSPGLSKFRLSYYPHCLAS,3.825742
GNMT_226,QVPGAGQDGSPGLSKFRLSYYPHCLASF,3.281524
GNMT_227,VPGAGQDGSPGLSKFRLSYYPHCLASFT,3.2081833
GNMT_228,PGAGQDGSPGLSKFRLSYYPHCLASFTE,3.5812724
GNMT_229,GAGQDGSPGLSKFRLSYYPHCLASFTEL,3.1531107
GNMT_230,AGQDGSPGLSKFRLSYYPHCLASFTELL,2.68671
GNMT_231,GQDGSPGLSKFRLSYYPHCLASFTELLQ,2.888245
GNMT_232,QDGSPGLSKFRLSYYPHCLASFTELLQA,2.8726156
GNMT_233,DGSPGLSKFRLSYYPHCLASFTELLQAA,2.7327607
GNMT_234,GSPGLSKFRLSYYPHCLASFTELLQAAF,1.9503815
GNMT_235,SPGLSKFRLSYYPHCLASFTELLQAAFG,2.2439184
GNMT_236,PGLSKFRLSYYPHCLASFTELLQAAFGG,2.0095134
GNMT_237,GLSKFRLSYYPHCLASFTELLQAAFGGK,2.3339667
GNMT_238,LSKFRLSYYPHCLASFTELLQAAFGGKC,2.046042
GNMT_239,SKFRLSYYPHCLASFTELLQAAFGGKCQ,2.1965616
GNMT_240,KFRLSYYPHCLASFTELLQAAFGGKCQH,2.0720816
GNMT_241,FRLSYYPHCLASFTELLQAAFGGKCQHS,2.0896115
GNMT_242,RLSYYPHCLASFTELLQAAFGGKCQHSV,2.3899932
GNMT_243,LSYYPHCLASFTELLQAAFGGKCQHSVL,2.4795032
GNMT_244,SYYPHCLASFTELLQAAFGGKCQHSVLG,2.5351124
GNMT_245,YYPHCLASFTELLQAAFGGKCQHSVLGD,2.7633936
GNMT_246,YPHCLASFTELLQAAFGGKCQHSVLGDF,2.5842137
GNMT_247,PHCLASFTELLQAAFGGKCQHSVLGDFK,3.094862
GNMT_248,HCLASFTELLQAAFGGKCQHSVLGDFKP,3.1249099
GNMT_249,CLASFTELLQAAFGGKCQHSVLGDFKPY,2.6089451
GNMT_250,LASFTELLQAAFGGKCQHSVLGDFKPYK,2.5678732
GNMT_251,ASFTELLQAAFGGKCQHSVLGDFKPYKP,3.376128
GNMT_252,SFTELLQAAFGGKCQHSVLGDFKPYKPG,3.3983247
GNMT_253,FTELLQAAFGGKCQHSVLGDFKPYKPGQ,3.1144736
GNMT_254,TELLQAAFGGKCQHSVLGDFKPYKPGQT,4.3261905
GNMT_255,ELLQAAFGGKCQHSVLGDFKPYKPGQTY,4.058104
GNMT_256,LLQAAFGGKCQHSVLGDFKPYKPGQTYI,3.5043545
GNMT_257,LQAAFGGKCQHSVLGDFKPYKPGQTYIP,3.969661
GNMT_258,QAAFGGKCQHSVLGDFKPYKPGQTYIPC,3.919095
GNMT_259,AAFGGKCQHSVLGDFKPYKPGQTYIPCY,3.524572
GNMT_260,AFGGKCQHSVLGDFKPYKPGQTYIPCYF,3.1607623
GNMT_261,FGGKCQHSVLGDFKPYKPGQTYIPCYFI,2.653802
GNMT_262,GGKCQHSVLGDFKPYKPGQTYIPCYFIH,2.8201094
GNMT_263,GKCQHSVLGDFKPYKPGQTYIPCYFIHV,2.57893
GNMT_264,KCQHSVLGDFKPYKPGQTYIPCYFIHVL,2.0960696
GNMT_265,CQHSVLGDFKPYKPGQTYIPCYFIHVLK,2.3750339
GNMT_266,QHSVLGDFKPYKPGQTYIPCYFIHVLKR,2.0341387
GNMT_267,HSVLGDFKPYKPGQTYIPCYFIHVLKRT,2.1977148
GNMT_268,SVLGDFKPYKPGQTYIPCYFIHVLKRTD,2.5857077
GNMT_269,VLGDFKPYKPGQTYIPCYFIHVLKRTD*,1.7548554
